{
  "project_info": {
    "project_number": "554654911341",
    "project_id": "delivery-project-899e4",
    "storage_bucket": "delivery-project-899e4.firebasestorage.app"
  },
  "client": [
    {
      "client_info": {
        "mobilesdk_app_id": "1:554654911341:android:d41987483543dddc416864",
        "android_client_info": {
          "package_name": "com.courier.frontend"
        }
      },
      "oauth_client": [
        {
          "client_id": "554654911341-ksnhg4bnbgafjpnoqn1jcltrpg3ojfj9.apps.googleusercontent.com",
          "client_type": 3
        }
      ],
      "api_key": [
        {
          "current_key": "AIzaSyDCp4sxw6ENzxxLOdOg7mx8fI2S9Wf8sx4"
        }
      ],
      "services": {
        "appinvite_service": {
          "other_platform_oauth_client": [
            {
              "client_id": "554654911341-ksnhg4bnbgafjpnoqn1jcltrpg3ojfj9.apps.googleusercontent.com",
              "client_type": 3
            }
          ]
        }
      }
    }
  ],
  "configuration_version": "1"
}